route_deviation_m,stop_duration_min,is_night,speed_kmh,is_anomaly
14.5,3.7,0,40.0,0
82.3,2.4,1,20.7,0
90.1,1.2,0,43.7,0
17.7,2.4,1,20.5,0
43.3,3.4,0,24.8,0
65.5,2.6,0,41.6,0
33.5,2.0,0,37.8,0
46.6,2.7,0,44.4,0
76.7,3.4,1,51.2,0
62.5,0.1,0,51.9,0
26.9,0.8,0,55.0,0
32.9,1.3,1,48.7,0
42.4,1.5,0,51.3,0
610.0,12.4,1,0.1,1
87.6,0.3,0,46.1,0
11.4,3.0,0,38.0,0
69.2,1.2,0,37.8,0
3.1,2.6,0,36.0,0
75.4,1.4,0,51.2,0
2.9,2.9,0,37.9,0
76.5,0.2,0,31.7,0
1.1,1.7,0,31.8,0
103.2,1.2,1,49.0,0
55.3,0.2,0,28.7,0
86.6,0.2,0,50.1,0
23.8,0.1,0,35.0,0
102.0,1.7,0,45.4,0
1052.7,15.5,0,0.0,1
44.1,1.6,1,69.1,0
67.2,2.7,0,40.5,0
26.4,0.4,0,45.4,0
166.6,1.6,0,34.6,0
51.3,1.7,1,43.5,0
9.8,1.1,0,31.9,0
50.5,0.9,0,28.1,0
49.8,3.5,0,24.9,0
109.9,3.5,0,34.3,0
78.6,5.0,0,21.7,0
54.1,2.3,0,43.4,0
88.7,2.6,1,31.0,0
3.1,2.5,0,17.5,0
2.9,1.2,0,44.6,0
119.8,3.2,0,32.3,0
1069.1,19.7,0,1.1,1
63.1,0.3,0,39.4,0
5.5,1.1,0,36.6,0
43.4,0.4,1,32.3,0
26.9,0.9,0,51.8,0
67.1,0.6,1,25.2,0
107.1,0.4,0,21.8,0
7.9,0.1,0,39.8,0
48.9,1.7,0,31.7,0
39.3,1.3,0,27.0,0
39.9,1.2,0,40.9,0
43.8,2.9,0,37.9,0
135.7,2.7,0,17.4,0
59.7,2.2,0,46.7,0
85.2,4.4,0,33.0,0
59.7,0.9,0,23.8,0
30.8,1.3,0,52.2,0
61.8,1.4,1,34.5,0
31.2,2.0,0,35.0,0
59.9,1.1,0,17.3,0
36.6,0.1,0,34.1,0
24.5,0.1,0,19.6,0
88.1,1.6,0,31.3,0
13.9,1.9,0,31.6,0
3.7,3.0,0,26.6,0
1.0,2.5,0,28.3,0
42.8,0.4,1,28.0,0
36.4,2.6,0,52.1,0
68.2,4.2,0,44.3,0
1.1,1.6,0,35.1,0
97.5,0.4,0,44.4,0
108.9,4.5,0,43.3,0
45.9,4.3,0,20.0,0
116.7,3.9,0,46.7,0
76.0,1.3,0,41.9,0
114.4,4.3,0,49.7,0
102.0,1.9,0,47.8,0
43.3,3.6,0,22.6,0
36.1,2.1,0,46.7,0
65.4,2.8,0,35.5,0
31.5,1.6,1,35.9,0
89.6,3.0,1,56.3,0
78.3,3.1,0,23.4,0
574.0,23.6,1,1.2,1
41.6,3.8,0,31.8,0
132.0,1.5,0,34.3,0
47.3,4.4,0,31.8,0
14.1,3.3,1,43.4,0
64.0,1.5,0,44.2,0
103.4,2.0,0,44.9,0
43.8,1.4,0,45.7,0
41.9,1.7,0,26.6,0
28.6,3.9,0,2.0,0
63.6,0.5,0,30.5,0
69.2,3.2,0,22.8,0
73.4,0.5,1,27.0,0
51.2,0.0,0,32.2,0
12.5,2.3,0,54.3,0
83.9,1.1,0,17.0,0
4.0,0.4,1,46.1,0
67.4,0.9,0,21.1,0
38.6,0.4,1,59.8,0
36.5,2.6,0,19.3,0
46.5,1.7,0,34.1,0
552.7,24.8,1,97.8,1
43.7,2.5,0,44.8,0
71.2,3.0,0,45.8,0
60.3,1.4,0,22.8,0
34.7,4.6,0,43.6,0
475.8,26.2,0,135.4,1
33.9,0.2,0,52.1,0
31.2,3.5,0,53.9,0
44.8,1.5,0,39.0,0
67.2,1.8,1,46.8,0
500.2,23.6,1,121.1,1
12.6,3.2,0,40.8,0
40.5,3.6,0,37.9,0
33.7,3.3,0,46.2,0
35.7,2.5,0,39.1,0
49.5,4.7,1,39.9,0
40.5,3.3,0,49.9,0
43.5,2.5,0,40.2,0
14.4,2.2,0,28.9,0
7.1,0.3,0,30.7,0
9.1,4.8,0,21.4,0
33.7,3.4,0,33.0,0
16.2,0.8,0,43.7,0
21.0,2.6,0,44.5,0
88.8,1.3,0,36.0,0
90.5,0.1,0,21.4,0
779.4,27.0,1,128.4,1
112.6,4.6,0,37.0,0
24.4,2.5,0,38.6,0
9.1,1.7,0,21.0,0
90.1,0.7,0,30.5,0
35.9,0.4,0,53.9,0
13.2,2.6,1,47.3,0
54.7,1.8,1,36.4,0
123.5,0.6,0,14.3,0
95.1,0.4,0,20.8,0
19.8,0.3,0,49.6,0
51.5,0.2,0,45.9,0
89.5,2.4,0,68.6,0
41.9,0.2,0,16.3,0
135.2,4.9,0,50.2,0
3.5,0.1,0,45.2,0
42.4,4.2,0,24.1,0
56.9,0.9,0,41.6,0
30.0,4.0,0,37.7,0
630.7,12.9,1,119.6,1
65.7,4.2,0,31.0,0
85.5,0.8,1,18.9,0
13.6,0.4,0,29.1,0
119.3,1.3,0,58.7,0
11.5,3.8,0,19.1,0
17.3,0.1,0,25.2,0
6.3,2.9,0,25.6,0
33.1,1.6,0,39.5,0
27.8,1.2,0,28.1,0
34.4,0.4,0,35.2,0
123.9,1.9,0,29.0,0
83.2,1.3,1,25.5,0
29.1,2.5,0,32.2,0
20.3,1.7,0,26.3,0
33.0,1.7,0,42.9,0
83.1,1.9,0,30.2,0
97.1,3.5,0,32.7,0
65.3,3.2,0,25.1,0
153.9,3.1,0,29.7,0
67.4,1.8,0,54.7,0
516.6,14.8,1,1.4,1
18.8,1.3,0,33.1,0
7.7,2.6,0,20.8,0
40.2,1.0,0,29.4,0
5.0,2.4,0,46.6,0
63.8,1.0,1,27.2,0
66.8,4.4,0,40.4,0
37.7,1.8,0,45.9,0
81.4,2.9,0,32.1,0
30.1,0.4,0,38.8,0
108.2,5.1,0,27.5,0
64.6,1.5,0,58.7,0
83.5,0.3,0,26.8,0
59.3,1.7,0,18.6,0
109.3,4.8,0,47.7,0
69.6,0.3,0,40.0,0
14.3,2.3,0,18.9,0
65.3,1.3,0,34.1,0
56.9,4.2,0,35.1,0
15.2,2.8,0,43.8,0
43.5,3.5,0,38.3,0
30.6,0.3,0,29.1,0
29.7,1.4,0,45.9,0
22.0,1.0,0,41.7,0
14.9,1.7,0,25.0,0
67.9,0.3,0,30.5,0
75.0,2.0,0,20.6,0
67.2,2.7,1,24.3,0
75.5,0.8,0,19.6,0
18.7,2.1,0,53.8,0
8.7,1.9,0,29.0,0
36.9,3.7,1,35.1,0
29.2,0.7,0,39.6,0
13.9,2.1,0,25.8,0
104.5,1.4,1,26.3,0
87.4,2.4,0,38.4,0
24.5,3.7,0,42.5,0
81.7,0.5,1,20.5,0
10.4,2.0,0,34.4,0
125.3,0.7,0,29.0,0
45.3,2.3,0,58.0,0
62.8,4.0,0,48.0,0
75.5,1.3,0,41.6,0
46.7,1.0,0,52.3,0
3.1,0.4,0,47.6,0
1.1,3.6,0,53.5,0
41.1,3.1,0,45.4,0
7.9,1.1,0,21.5,0
61.1,1.0,0,51.6,0
595.6,17.1,1,1.4,1
52.7,3.2,0,39.8,0
23.0,2.0,0,37.7,0
80.0,2.7,0,46.6,0
39.9,1.5,0,34.9,0
64.7,2.1,1,23.2,0
25.1,2.7,0,35.9,0
28.4,3.3,0,35.4,0
114.6,2.4,0,44.3,0
701.2,11.3,1,115.0,1
107.3,0.6,1,42.8,0
8.2,3.6,1,20.0,0
17.4,3.1,0,71.7,0
33.7,0.3,0,42.6,0
26.4,3.3,0,37.4,0
961.2,27.4,1,1.3,1
34.7,1.0,0,39.8,0
9.5,3.2,0,43.1,0
87.6,0.3,1,23.1,0
32.0,3.0,1,48.1,0
81.6,3.5,0,17.4,0
51.6,3.3,0,42.6,0
36.6,3.2,0,50.2,0
19.1,2.7,0,26.0,0
8.4,3.8,1,36.3,0
56.3,2.1,1,35.2,0
2.2,1.2,0,39.3,0
60.5,2.0,0,27.0,0
35.5,1.2,0,35.0,0
747.1,17.9,0,1.6,1
44.0,2.2,0,31.8,0
37.5,0.0,1,33.8,0
71.2,3.4,0,42.4,0
80.0,2.6,0,33.4,0
115.2,0.7,0,24.0,0
107.5,1.7,0,15.0,0
54.8,1.1,0,32.9,0
2.1,4.1,0,33.7,0
52.3,0.5,0,36.4,0
31.7,0.7,0,42.4,0
10.1,2.8,0,38.3,0
56.2,0.7,0,50.9,0
60.8,3.8,0,26.3,0
26.6,2.7,1,22.3,0
91.0,1.3,0,49.7,0
54.3,0.8,0,35.5,0
152.0,1.8,0,18.0,0
102.4,0.4,0,34.3,0
93.4,1.0,0,15.7,0
114.1,4.2,1,43.7,0
65.6,1.0,0,26.2,0
35.3,0.0,0,29.4,0
42.3,1.4,0,25.3,0
15.9,2.6,0,35.9,0
75.7,2.7,0,43.8,0
24.9,1.5,0,36.3,0
23.5,2.3,0,57.7,0
85.8,0.2,0,29.4,0
16.5,0.5,0,46.3,0
92.4,2.5,1,23.9,0
28.8,1.8,0,24.9,0
39.9,3.9,0,39.0,0
3.1,1.5,1,33.6,0
77.4,2.0,0,47.6,0
44.1,1.5,0,18.7,0
65.3,0.1,0,30.2,0
125.1,2.2,0,29.3,0
873.6,14.3,0,99.1,1
63.4,0.3,0,24.1,0
89.8,1.1,0,35.6,0
85.8,2.8,1,34.6,0
5.3,4.1,0,28.0,0
90.0,1.0,0,36.0,0
94.2,3.5,0,29.7,0
73.6,2.4,1,49.0,0
5.3,2.4,0,24.5,0
37.4,5.4,0,37.8,0
120.7,3.1,0,29.6,0
17.0,2.0,0,16.6,0
42.4,1.0,0,48.0,0
53.7,0.7,0,32.9,0
26.2,2.6,0,18.1,0
52.4,2.1,0,44.4,0
95.9,0.4,0,12.4,0
51.3,2.1,0,27.3,0
103.4,3.8,0,43.5,0
62.4,1.0,1,34.2,0
23.9,4.0,1,31.9,0
1.2,4.0,0,68.8,0
35.5,2.7,1,34.3,0
3.7,2.5,0,10.7,0
72.3,0.6,0,31.0,0
94.6,2.9,1,25.8,0
133.1,1.3,1,50.7,0
15.9,2.5,1,26.9,0
27.2,2.9,1,26.5,0
4.4,0.9,0,42.0,0
51.2,1.6,0,24.3,0
37.6,3.6,0,41.5,0
92.6,3.5,0,27.7,0
84.6,0.8,0,35.6,0
8.4,1.3,0,32.3,0
65.9,1.2,0,52.6,0
146.8,5.4,0,32.0,0
52.9,1.4,0,46.7,0
43.2,1.9,0,45.4,0
78.1,0.3,0,39.2,0
41.1,2.1,0,26.2,0
47.7,1.4,0,39.2,0
67.6,2.1,0,71.4,0
41.2,2.2,1,47.4,0
46.5,2.5,0,44.3,0
62.2,0.6,0,24.0,0
52.7,0.7,0,45.0,0
13.6,2.6,0,46.3,0
9.7,0.3,1,31.6,0
79.0,3.8,0,26.1,0
32.1,2.2,1,37.6,0
4.3,3.4,0,43.4,0
70.8,4.9,1,29.2,0
31.8,0.9,1,58.6,0
64.3,2.3,0,22.8,0
78.1,0.5,1,38.1,0
53.7,0.3,0,48.8,0
61.9,4.0,0,57.5,0
113.5,3.0,0,30.5,0
76.6,0.6,0,26.3,0
84.6,2.8,0,44.0,0
58.8,1.6,0,30.8,0
112.9,0.6,0,34.2,0
92.0,1.1,0,51.6,0
42.3,2.9,0,44.7,0
56.1,0.5,1,37.2,0
5.1,1.8,0,34.7,0
119.1,3.5,1,43.0,0
14.5,2.0,0,30.6,0
12.9,1.1,0,67.1,0
17.5,1.0,0,36.4,0
9.2,0.4,0,46.6,0
46.4,2.8,1,8.7,0
9.4,1.4,0,15.8,0
44.8,3.8,0,55.9,0
83.5,2.2,1,29.2,0
66.5,0.1,0,30.9,0
104.0,4.9,1,52.5,0
108.5,1.2,0,25.9,0
61.1,6.1,1,61.8,0
86.3,1.5,0,36.6,0
48.4,0.5,1,31.0,0
11.0,0.4,0,19.0,0
66.6,1.1,0,47.3,0
1.0,1.6,1,16.4,0
55.1,1.3,1,41.7,0
87.2,2.6,0,12.2,0
50.3,3.0,1,22.9,0
69.9,2.9,0,28.6,0
19.9,3.0,0,16.0,0
29.8,0.4,0,27.2,0
7.5,2.9,1,59.9,0
33.4,3.8,0,38.8,0
70.4,2.8,0,24.4,0
20.8,2.0,0,31.5,0
41.0,0.3,0,47.0,0
27.1,0.2,0,44.1,0
104.6,1.5,0,35.2,0
75.4,2.6,1,38.7,0
835.6,28.4,0,0.6,1
50.5,3.7,0,35.8,0
111.4,3.9,0,28.2,0
71.7,4.2,0,26.9,0
42.8,1.8,0,39.6,0
83.6,2.2,0,30.2,0
59.4,0.6,1,36.6,0
39.0,3.0,0,41.1,0
39.4,2.7,1,41.5,0
64.5,1.2,1,32.9,0
84.2,2.4,0,37.4,0
947.8,17.5,1,0.1,1
32.9,0.5,0,25.1,0
127.5,3.5,0,34.3,0
18.5,2.3,0,36.5,0
12.4,2.8,1,7.9,0
25.4,3.1,0,28.5,0
16.9,0.2,1,24.0,0
43.2,3.1,0,32.6,0
96.2,5.0,0,24.0,0
75.3,0.9,0,45.7,0
67.4,2.1,0,40.9,0
76.7,0.1,0,38.1,0
37.3,3.3,1,31.6,0
46.8,2.0,0,25.8,0
68.9,2.0,1,56.9,0
59.8,3.3,1,30.3,0
49.5,5.6,0,37.1,0
100.1,2.2,0,27.5,0
4.9,1.7,0,29.8,0
85.9,0.1,0,41.5,0
36.7,1.7,0,9.7,0
85.1,3.4,1,44.4,0
1.4,1.0,0,27.2,0
73.2,0.5,0,36.7,0
71.9,1.5,1,12.7,0
23.2,1.8,1,54.3,0
17.1,2.6,0,32.5,0
34.7,2.7,0,8.2,0
36.6,4.2,0,40.1,0
73.2,0.5,1,52.1,0
46.1,2.6,0,44.4,0
31.1,0.8,0,44.0,0
43.9,0.2,0,17.9,0
92.7,1.6,0,43.3,0
93.0,2.4,0,18.7,0
97.6,2.8,1,19.5,0
52.6,0.5,1,42.0,0
33.6,1.0,0,29.9,0
58.1,0.2,1,47.3,0
87.9,2.1,0,43.0,0
1.3,1.0,0,31.1,0
6.6,0.5,0,34.1,0
60.5,1.6,0,26.4,0
502.5,39.9,0,98.9,1
5.9,0.1,0,50.7,0
43.6,0.3,0,27.7,0
38.2,3.5,0,36.6,0
27.5,0.9,1,18.4,0
113.2,4.7,1,11.3,0
18.2,2.8,0,34.5,0
2.7,3.8,0,20.7,0
129.9,0.6,0,35.8,0
52.5,3.0,0,25.6,0
68.4,1.2,0,12.9,0
17.1,1.6,0,63.7,0
166.2,4.2,1,19.9,0
37.6,1.8,0,40.9,0
61.6,2.1,0,24.7,0
52.6,0.9,0,42.1,0
143.1,3.5,1,30.9,0
22.9,0.6,0,38.1,0
55.7,1.2,0,30.1,0
7.8,3.7,1,31.5,0
59.7,2.8,0,57.5,0
984.6,12.6,1,2.2,1
42.4,0.8,0,52.1,0
12.7,0.1,0,25.9,0
52.9,1.0,1,33.4,0
103.1,4.0,0,18.8,0
32.3,1.8,0,2.6,0
16.2,3.0,0,47.9,0
1.9,1.6,0,21.2,0
33.1,3.0,1,19.7,0
50.2,3.1,0,29.7,0
67.9,3.0,1,45.9,0
23.2,0.0,1,24.5,0
1441.6,14.6,0,0.2,1
15.3,1.2,0,27.4,0
115.9,2.2,0,42.1,0
71.6,1.1,0,41.3,0
16.1,1.8,1,23.3,0
59.4,2.2,1,35.6,0
17.5,0.9,0,26.9,0
81.1,2.2,0,48.2,0
80.4,2.5,1,24.0,0
68.1,2.5,0,23.9,0
59.3,4.0,0,12.3,0
23.4,4.7,0,22.1,0
29.3,1.7,0,26.6,0
65.4,1.5,1,63.0,0
36.6,4.3,0,35.8,0
49.5,3.3,0,32.9,0
82.5,0.8,0,41.3,0
13.2,1.3,0,22.7,0
34.9,0.1,1,26.0,0
82.1,2.8,0,27.2,0
45.3,1.6,1,31.8,0
36.3,0.8,1,12.0,0
93.6,0.3,1,24.9,0
61.2,1.2,0,34.4,0
5.6,0.3,0,33.2,0
82.7,0.2,0,41.1,0
56.4,1.9,0,47.7,0
55.5,5.5,1,27.9,0
65.9,0.4,0,25.9,0
65.7,0.0,0,47.6,0
1400.9,29.6,0,112.5,1
32.6,2.4,0,39.3,0
0.1,2.4,0,22.7,0
1016.1,16.1,0,110.3,1
38.0,1.3,0,59.7,0
35.0,0.7,0,24.1,0
45.8,2.5,0,38.6,0
1.3,2.4,0,39.1,0
15.6,0.0,0,22.5,0
122.8,1.1,0,27.7,0
75.6,3.5,0,25.4,0
57.1,1.8,0,24.2,0
61.4,1.1,0,43.9,0
1438.8,35.6,1,1.3,1
98.9,2.3,0,51.4,0
59.4,0.5,0,23.2,0
14.6,6.4,0,47.0,0
7.7,1.0,0,34.0,0
41.7,2.3,1,47.8,0
69.0,2.3,0,21.9,0
72.3,1.1,0,38.9,0
34.8,0.5,0,38.8,0
75.8,1.2,0,39.3,0
114.4,3.8,0,36.2,0
46.8,2.2,0,27.3,0
0.2,5.0,0,16.4,0
84.3,1.5,0,24.6,0
60.8,2.5,1,58.3,0
5.6,2.5,0,38.4,0
55.2,0.8,0,18.7,0
87.1,0.6,0,29.1,0
30.5,2.8,1,38.1,0
77.6,1.5,0,35.5,0
67.9,0.3,0,43.6,0
92.7,2.9,0,46.5,0
4.7,1.9,0,39.5,0
62.7,3.9,1,28.7,0
35.9,1.5,0,38.1,0
67.2,2.4,0,27.0,0
50.9,2.7,0,40.1,0
98.0,1.2,1,41.6,0
54.0,0.7,1,55.3,0
51.2,2.4,1,39.2,0
60.0,3.3,0,33.6,0
108.5,4.0,0,41.4,0
59.3,0.4,0,54.2,0
57.4,4.1,1,46.7,0
40.1,3.0,0,16.0,0
109.8,1.4,0,36.7,0
53.4,2.0,1,19.1,0
72.2,4.1,0,14.5,0
83.8,3.8,0,30.0,0
52.1,0.2,0,59.2,0
84.9,3.2,0,19.1,0
109.0,0.6,0,39.6,0
14.2,3.0,0,35.2,0
875.3,12.6,0,1.6,1
19.9,3.0,1,33.0,0
81.1,1.2,0,43.6,0
27.8,0.9,1,25.6,0
102.8,2.7,0,30.5,0
64.0,3.7,0,54.8,0
47.5,0.9,0,28.7,0
62.2,1.3,0,43.3,0
689.9,12.2,1,136.2,1
56.3,3.9,0,62.6,0
83.4,0.6,0,9.5,0
51.8,0.1,0,49.3,0
61.6,1.9,0,38.7,0
82.6,3.1,1,41.8,0
66.6,4.7,1,19.7,0
35.3,3.2,0,34.6,0
63.9,1.7,1,41.6,0
21.8,1.8,0,17.6,0
28.7,0.1,1,24.8,0
81.3,4.3,1,38.2,0
48.0,2.1,0,46.7,0
58.7,2.1,0,18.8,0
20.2,1.4,0,38.9,0
37.2,0.5,1,37.8,0
83.2,1.2,0,43.9,0
95.9,0.1,1,31.6,0
32.4,2.0,0,16.0,0
17.0,1.5,0,35.8,0
56.9,1.6,0,29.4,0
1.5,4.9,1,24.7,0
98.6,0.3,1,24.1,0
69.3,0.7,0,48.0,0
121.4,2.4,0,38.7,0
27.5,2.1,0,66.5,0
47.8,0.4,0,19.1,0
52.1,2.9,1,33.2,0
101.0,1.1,1,30.9,0
57.5,0.9,0,29.1,0
24.4,1.2,0,34.1,0
11.6,0.9,0,27.6,0
2.4,6.2,0,36.4,0
96.8,1.4,0,40.0,0
81.1,1.0,1,43.9,0
57.1,2.3,0,38.2,0
439.6,17.0,1,105.5,1
118.9,4.6,0,20.3,0
28.8,1.9,0,37.7,0
78.6,0.3,0,29.9,0
80.5,0.9,0,27.2,0
102.2,0.7,0,63.3,0
11.4,4.3,0,27.0,0
67.7,1.8,0,28.4,0
8.6,1.8,0,33.2,0
9.9,2.7,0,14.6,0
30.8,3.6,1,31.3,0
1363.3,20.2,1,124.3,1
22.5,0.0,1,37.1,0
1186.4,17.2,1,1.4,1
58.7,2.5,1,8.1,0
7.0,0.1,0,29.3,0
89.3,0.8,0,54.0,0
30.4,2.7,0,41.7,0
67.8,2.0,0,43.3,0
64.8,1.6,0,28.2,0
38.1,0.9,0,44.2,0
77.2,2.2,1,25.0,0
480.3,39.4,1,95.0,1
58.5,3.5,0,29.7,0
63.8,2.1,0,32.2,0
1353.5,14.3,1,122.4,1
58.9,1.6,0,28.9,0
68.2,2.1,1,44.4,0
36.0,2.4,0,25.9,0
41.2,4.3,1,42.2,0
59.1,0.4,0,21.3,0
71.3,3.7,0,34.3,0
1415.2,15.9,0,98.7,1
7.2,0.4,1,34.5,0
639.6,38.6,1,109.6,1
45.0,2.8,0,33.6,0
38.5,2.6,0,31.2,0
16.4,2.5,0,53.4,0
946.8,21.2,1,1.5,1
72.2,2.3,0,40.1,0
11.5,2.0,0,36.8,0
777.0,16.6,1,1.5,1
35.5,1.9,0,27.4,0
92.0,1.6,0,40.7,0
51.4,2.0,0,41.3,0
5.7,2.0,0,33.0,0
61.1,2.1,0,22.4,0
22.3,2.3,1,50.4,0
10.1,1.4,0,30.2,0
947.5,39.7,1,2.1,1
65.8,3.2,0,35.2,0
64.5,2.9,0,34.5,0
1114.0,24.0,0,2.6,1
135.1,0.3,0,34.3,0
52.8,2.6,0,26.9,0
17.0,2.9,0,32.7,0
6.7,1.1,0,49.3,0
1164.3,37.9,1,2.6,1
95.4,4.9,0,59.4,0
59.5,4.2,0,50.2,0
150.7,0.9,0,29.7,0
31.6,2.0,0,35.2,0
79.5,5.7,1,47.7,0
16.5,3.2,0,34.5,0
104.1,3.4,0,37.2,0
50.5,0.3,1,42.7,0
2.9,3.1,0,36.4,0
48.0,1.9,0,42.7,0
21.4,3.1,0,42.6,0
40.4,1.9,0,49.0,0
37.2,3.0,0,48.7,0
8.6,2.9,1,53.5,0
34.3,2.5,1,45.4,0
35.8,1.1,1,23.8,0
1.2,4.2,0,33.8,0
98.5,1.7,0,36.1,0
46.3,1.5,0,11.8,0
79.6,3.0,0,56.6,0
49.3,2.0,0,49.4,0
0.2,5.4,0,51.0,0
45.4,0.1,0,41.1,0
128.0,1.7,1,28.3,0
43.0,3.7,1,45.7,0
10.5,1.8,0,28.7,0
36.9,2.5,0,27.5,0
121.9,1.3,0,39.1,0
47.3,2.1,1,44.9,0
25.2,2.0,0,43.7,0
71.9,1.2,0,19.9,0
27.7,2.0,0,43.4,0
59.3,1.7,0,46.2,0
8.6,1.4,0,58.8,0
35.1,0.7,0,40.0,0
38.6,1.4,1,40.8,0
43.7,3.7,0,33.9,0
6.7,0.8,0,39.2,0
9.8,0.1,0,16.5,0
18.2,0.6,0,38.4,0
65.4,1.2,0,37.7,0
99.8,2.3,0,44.2,0
15.9,0.1,0,48.6,0
44.4,2.7,0,33.5,0
25.5,4.4,0,25.6,0
46.2,1.9,0,26.1,0
67.9,4.1,0,44.1,0
39.9,3.3,0,45.2,0
37.0,1.4,1,32.2,0
13.3,0.3,0,42.5,0
32.9,3.9,0,41.6,0
79.2,2.0,0,25.7,0
57.3,2.1,0,27.4,0
104.4,0.4,0,4.8,0
51.2,1.4,0,29.6,0
17.4,3.2,0,31.6,0
60.7,2.3,0,28.0,0
1311.5,14.2,1,1.4,1
34.2,1.4,0,18.7,0
71.5,1.8,0,58.1,0
60.5,2.8,0,25.2,0
52.7,1.2,0,41.6,0
42.8,1.6,1,29.6,0
58.8,1.7,0,31.5,0
94.3,4.1,1,36.4,0
53.6,2.4,0,20.2,0
23.8,2.5,1,31.2,0
6.1,0.2,0,34.9,0
57.9,2.6,0,39.0,0
96.6,1.3,0,38.6,0
21.3,2.2,0,64.9,0
41.0,1.7,0,29.1,0
14.2,3.8,1,16.0,0
32.7,1.6,0,40.3,0
12.9,4.2,0,58.4,0
5.5,3.4,1,12.2,0
82.8,0.1,0,22.1,0
50.5,1.2,0,12.8,0
119.2,3.6,0,46.6,0
56.3,3.0,0,55.1,0
25.1,3.5,0,42.6,0
22.2,1.5,0,52.1,0
78.0,0.1,0,31.4,0
96.3,2.2,0,30.6,0
9.4,2.2,1,35.9,0
44.7,4.6,0,31.8,0
25.2,2.4,0,50.6,0
68.8,0.2,0,52.5,0
25.7,0.7,0,41.3,0
100.0,1.1,0,34.4,0
67.6,2.7,0,19.2,0
604.2,22.7,0,1.6,1
68.6,2.5,0,15.5,0
64.1,1.4,0,27.1,0
4.4,6.2,1,35.6,0
63.1,4.2,0,31.1,0
23.3,5.5,1,42.0,0
26.2,1.3,0,35.3,0
40.2,2.8,0,35.5,0
62.6,0.8,0,64.7,0
48.1,1.6,1,20.3,0
67.9,3.2,0,36.2,0
60.9,2.1,1,50.9,0
83.7,0.3,0,48.3,0
868.0,31.5,0,104.8,1
120.1,2.4,0,41.8,0
98.2,2.9,0,37.0,0
60.0,3.4,1,45.3,0
145.3,1.5,0,32.8,0
22.1,3.0,0,33.6,0
56.6,4.4,1,48.7,0
9.3,1.4,0,48.4,0
69.2,1.4,0,38.4,0
75.9,2.2,0,25.2,0
15.5,2.2,0,30.7,0
44.6,5.4,1,36.8,0
54.0,0.1,0,27.7,0
104.5,3.5,0,23.7,0
33.8,2.8,0,19.2,0
87.1,0.2,1,54.4,0
41.8,2.4,1,40.8,0
14.1,2.6,0,47.2,0
53.6,1.9,0,29.6,0
780.6,25.7,1,111.0,1
24.9,0.4,0,31.7,0
38.6,2.6,0,46.3,0
73.6,1.0,0,37.1,0
28.3,1.8,0,31.6,0
71.0,1.3,1,46.2,0
1488.0,24.9,1,2.7,1
40.7,4.1,0,39.8,0
132.4,1.0,0,29.6,0
108.0,0.4,0,34.5,0
50.6,0.9,0,38.2,0
65.2,1.2,0,33.5,0
44.3,2.7,0,42.3,0
177.2,1.5,1,22.4,0
19.9,1.2,0,34.7,0
990.3,11.6,1,122.5,1
99.9,1.7,0,55.1,0
45.1,0.8,1,59.3,0
69.5,2.0,1,58.3,0
20.3,1.6,0,16.1,0
13.4,1.7,0,16.5,0
2.6,3.3,0,51.6,0
106.2,1.7,0,30.9,0
95.2,2.9,0,19.9,0
17.5,1.1,0,31.9,0
23.8,2.7,0,50.0,0
73.5,1.5,0,45.5,0
16.7,1.1,0,35.6,0
67.0,2.0,1,40.1,0
84.1,1.8,0,42.3,0
61.6,1.6,1,48.1,0
42.5,3.8,0,33.0,0
7.9,0.7,0,45.8,0
19.4,1.0,0,22.4,0
14.9,4.3,1,45.3,0
9.2,0.1,0,39.4,0
57.6,1.4,0,16.8,0
62.6,0.2,0,26.3,0
62.6,1.4,0,32.4,0
131.4,2.5,0,27.0,0
50.1,4.2,0,40.5,0
16.3,2.0,1,36.7,0
31.1,2.7,0,15.1,0
21.5,3.0,0,34.2,0
59.2,0.9,0,34.2,0
53.3,1.1,0,29.9,0
21.7,1.2,0,26.8,0
103.5,4.7,0,41.3,0
28.0,0.9,0,40.9,0
1.2,2.9,1,13.7,0
132.1,1.7,1,48.1,0
53.0,0.4,1,13.6,0
6.9,0.8,0,35.8,0
14.8,1.8,0,40.9,0
58.1,2.5,0,42.5,0
108.4,0.4,0,32.0,0
29.1,2.0,0,47.9,0
66.0,0.6,0,18.8,0
101.5,3.6,1,32.9,0
80.7,2.5,0,39.9,0
14.0,1.7,0,47.6,0
45.3,1.4,0,48.2,0
21.2,1.8,0,12.4,0
58.9,2.2,0,28.6,0
29.5,2.3,0,25.6,0
2.1,2.1,1,34.5,0
36.6,3.5,0,36.6,0
63.5,2.3,0,33.8,0
8.8,2.2,1,35.3,0
64.6,1.4,0,36.5,0
59.0,3.1,0,40.6,0
8.5,0.0,0,49.1,0
76.6,3.7,0,44.3,0
60.2,1.0,0,18.3,0
114.2,1.8,1,47.3,0
38.3,2.9,0,25.1,0
47.2,3.9,0,45.5,0
83.4,2.3,0,36.9,0
52.2,2.6,0,36.0,0
122.9,2.4,0,47.8,0
29.6,1.5,0,26.9,0
129.9,3.0,1,59.4,0
56.5,1.2,1,33.9,0
33.7,1.7,0,59.7,0
19.2,2.4,0,32.3,0
24.4,1.1,0,37.2,0
1369.9,10.4,1,0.8,1
11.2,2.2,0,35.8,0
123.5,2.5,0,14.2,0
1044.7,23.2,1,1.9,1
78.4,0.4,0,27.1,0
60.1,1.1,0,33.9,0
68.7,1.9,0,27.0,0
55.2,0.0,1,37.5,0
79.7,3.3,0,12.9,0
38.6,0.1,0,37.0,0
31.7,3.1,0,28.4,0
1.0,2.1,0,47.7,0
75.5,1.8,1,40.4,0
71.5,5.7,0,40.8,0
0.0,4.2,1,27.5,0
8.3,1.4,0,44.0,0
45.9,0.7,0,33.3,0
62.5,2.0,0,27.6,0
35.1,0.6,0,41.7,0
9.1,1.0,0,41.8,0
13.1,1.7,0,46.1,0
57.1,2.1,0,41.7,0
40.2,3.9,0,32.8,0
63.7,1.3,1,21.7,0
61.3,3.5,0,32.5,0
16.7,5.3,0,38.3,0
56.4,3.0,0,47.1,0
499.4,26.4,0,103.4,1
62.5,1.8,0,17.3,0
47.7,2.4,0,11.7,0
50.0,4.0,0,42.1,0
106.3,3.4,1,41.9,0
21.0,1.6,0,54.5,0
37.7,2.7,1,40.1,0
5.2,1.6,0,25.1,0
57.9,2.8,0,53.1,0
8.8,2.8,0,50.7,0
92.6,3.2,1,40.8,0
107.5,2.1,0,38.1,0
104.4,0.1,0,64.0,0
41.8,4.2,0,2.1,0
79.6,2.3,0,42.2,0
6.5,1.7,0,47.0,0
8.4,2.7,0,46.8,0
46.5,2.3,0,40.4,0
1454.9,20.7,1,1.6,1
63.4,2.8,0,14.3,0
68.3,3.8,0,29.2,0
48.1,2.2,0,40.8,0
74.6,2.6,0,22.0,0
58.1,2.1,0,44.7,0
27.6,4.7,0,22.1,0
118.8,2.3,0,54.7,0
52.8,1.1,0,26.1,0
20.3,1.7,1,19.4,0
46.1,3.5,0,37.7,0
74.4,3.2,0,20.7,0
15.5,0.3,0,42.6,0
86.0,0.5,0,42.0,0
32.5,3.3,0,13.9,0
6.3,0.6,0,15.2,0
46.2,3.5,0,37.5,0
95.1,1.8,0,43.8,0
38.1,1.8,0,39.5,0
70.6,0.4,0,15.7,0
71.0,3.0,0,49.5,0
133.7,3.2,0,47.6,0
87.3,3.7,0,20.5,0
126.2,0.5,0,40.9,0
542.7,15.2,0,131.4,1
74.6,2.5,0,9.3,0
60.9,0.6,0,51.4,0
47.7,2.4,0,48.0,0
724.9,15.4,0,135.3,1
68.6,4.2,0,35.7,0
112.5,2.1,0,39.8,0
8.7,3.1,0,44.2,0
43.6,0.9,0,24.2,0
28.3,3.0,0,32.2,0
52.0,3.3,0,25.5,0
81.6,0.6,0,40.4,0
116.0,2.0,0,10.5,0
121.9,1.7,1,28.0,0
42.0,1.0,0,33.7,0
36.4,0.6,1,41.2,0
75.0,0.8,0,18.3,0
12.4,3.4,0,30.8,0
15.4,3.1,0,30.2,0
74.8,2.3,0,72.1,0
47.2,2.1,1,22.1,0
63.5,2.7,0,20.4,0
70.7,5.6,0,37.2,0
119.1,2.6,0,37.8,0
22.8,1.8,0,52.2,0
67.6,1.3,1,38.1,0
49.0,2.8,0,22.7,0
11.4,4.2,0,42.7,0
19.5,3.1,0,44.1,0
628.1,12.3,0,3.0,1
42.8,1.5,0,53.0,0
18.2,4.8,0,40.6,0
94.0,2.9,0,19.5,0
80.0,3.3,0,38.1,0
64.7,2.5,0,31.2,0
66.6,1.2,1,35.5,0
117.3,0.0,0,51.8,0
73.3,4.6,0,41.4,0
49.3,1.6,0,23.5,0
34.4,2.4,0,19.8,0
36.3,2.1,0,37.9,0
9.7,3.2,0,24.3,0
13.8,2.7,0,31.3,0
84.3,2.0,0,31.3,0
50.5,1.2,0,57.0,0
63.3,2.0,0,30.1,0
110.4,3.8,1,34.4,0
36.9,0.5,1,37.4,0
38.3,5.3,0,40.3,0
57.2,0.3,0,44.1,0
17.7,0.6,1,48.3,0
42.6,1.6,1,33.1,0
94.5,1.2,0,53.7,0
4.7,2.5,0,18.1,0
12.0,2.2,1,13.8,0
21.1,1.9,1,22.8,0
10.7,0.9,0,43.6,0
25.8,2.1,0,39.7,0
35.7,2.2,0,49.1,0
